<?xml version="1.0" encoding="UTF-8"?>
<template xmlns="http://uruma.sandbox.seasar.org">
  <!-- TODO 継承を使ってregistと共有する -->
  <window id="edit" style="TITLE, CLOSE, PRIMARY_MODAL" title="従業員情報編集"
    image="title" defaultButtonId="ok" defaultFocusId="ename">
    <gridLayout numColumns="1">
      <gridData horizontalAlignment="FILL" />
    </gridLayout>
    <composite>
      <gridLayout numColumns="2">
        <gridData horizontalAlignment="FILL" />
      </gridLayout>
      <label text="従業員No." />
      <text id="empno" editable="false"/>
      <label text="従業員名" />
      <text id="ename" />
      <label text="役職" />
      <text id="job" />
      <label text="管理者No." />
      <text id="mgr" />
      <label text="雇用日" />
      <text id="hiredate" />
      <label text="給与" />
      <text id="sal" />
      <label text="報奨金" />
      <text id="comm" />
      <label text="部署" />
      <combo id="dept" style="DROP_DOWN, READ_ONLY" />
    </composite>
    <composite>
      <fillLayout type="HORIZONTAL" />
      <button id="ok" text="OK" />
      <button id="cancel" text="キャンセル" />
    </composite>
  </window>
</template>
