<?xml version="1.0" encoding="UTF-8"?>
<template xmlns="http://s2jface.sandbox.seasar.org">
  <window id="main" title="従業員管理" height="400" width="604" image="title">
    <gridLayout numColumns="1">
      <gridData horizontalAlignment="FILL" grabExcessHorizontalSpace="true" />
    </gridLayout>
    <gridData horizontalAlignment="FILL" verticalAlignment="FILL"
      grabExcessHorizontalSpace="true" grabExcessVerticalSpace="true" />

    <menu>
      <menu text="ファイル(&amp;F)">
        <menuItem id="menuRegist" text="新規登録(&amp;N)\tCtrl+N"
          accelerator="Ctrl+N" image="regist" />
        <separator />
        <menuItem id="menuExit" text="終了(&amp;X)" />
      </menu>

      <menu text="編集(&amp;E)">
        <menuItem id="menuEdit" text="編集(&amp;E)\tCtrl+E" accelerator="Ctrl+E"
          enabledDependId="employeeTable" enabledDependType="SINGLE"
          image="edit" />
        <menuItem id="menuDelete" text="削除(&amp;D)\tDelete" accelerator="Delete"
          enabledDependId="employeeTable" enabledDependType="SELECTION"
          image="delete" />
      </menu>

      <menu text="表示(&amp;V)">
        <menuItem id="menuInquire" text="詳細表示(&amp;I)\tCtrl+I"
          accelerator="Ctrl+I" enabledDependId="employeeTable"
          enabledDependType="SINGLE" image="inquire" />
      </menu>

      <menu text="検索(&amp;S)">
        <menuItem id="menuSearch" text="検索(&amp;F)\tCtrl+F" image="search" />
      </menu>

      <menu text="ヘルプ(&amp;H)">
        <menuItem id="menuAbout" text="従業員管理について(&amp;A)" />
      </menu>
    </menu>

    <toolBar style="FLAT">
      <toolItem id="toolRegist" toolTipText="新規登録" image="regist" />
      <toolItem style="SEPARATOR" />

      <toolItem id="toolEdit" toolTipText="編集" image="edit"
        enabledDependId="employeeTable" enabledDependType="SINGLE" />
      <toolItem id="toolDelete" toolTipText="削除" image="delete"
        enabledDependId="employeeTable" enabledDependType="SELECTION" />
      <toolItem id="toolInquire" toolTipText="詳細表示" image="inquire"
        enabledDependId="employeeTable" enabledDependType="SINGLE" />
      <toolItem style="SEPARATOR" />

      <toolItem id="toolSearch" toolTipText="検索" image="search" />
    </toolBar>

    <table id="employeeTable" style="FULL_SELECTION, MULTI, BORDER"
      headerVisible="true" linesVisible="true">
      <gridData horizontalAlignment="FILL" verticalAlignment="FILL"
        grabExcessHorizontalSpace="true" grabExcessVerticalSpace="true" />
      <tableColumn id="empno" width="70" text="従業員No." />
      <tableColumn id="ename" width="70" text="従業員名" />
      <tableColumn id="job" width="80" text="役職" />
      <tableColumn id="mname" width="70" text="管理者名" />
      <tableColumn id="hiredate" width="80" text="雇用日" />
      <tableColumn id="sal" width="52" text="給与" alignment="RIGHT"/>
      <tableColumn id="comm" width="52" text="報奨金" alignment="RIGHT" />
      <tableColumn id="dname" width="90" text="部署名" />
    </table>

  </window>
</template>
